inventory_id,product_id,quantity_in_stock,last_updated
1,1,539,2024-06-17
2,2,162,2024-04-29
3,3,595,2023-11-09
4,4,409,2023-12-18
5,5,745,2024-01-11
6,6,228,2024-05-17
7,7,934,2024-06-12
8,8,941,2024-09-19
9,9,130,2023-12-21
10,10,943,2023-11-22
11,11,748,2024-01-25
12,12,9,2024-07-08
13,13,143,2024-02-28
14,14,623,2024-03-01
15,15,845,2024-01-22
16,16,206,2024-04-13
17,17,177,2024-03-16
18,18,437,2024-06-05
19,19,822,2024-02-20
20,20,496,2024-09-10
21,21,653,2024-07-21
22,22,236,2024-01-04
23,23,465,2024-09-25
24,24,786,2024-08-14
25,25,37,2023-12-30
26,26,703,2024-09-04
27,27,87,2023-11-19
28,28,180,2024-10-01
29,29,793,2024-05-17
30,30,404,2023-11-30
31,31,611,2024-03-24
32,32,471,2024-04-10
33,33,635,2024-07-18
34,34,471,2024-05-12
35,35,195,2024-02-01
36,36,48,2023-11-28
37,37,586,2024-06-26
38,38,845,2023-12-31
39,39,969,2024-05-02
40,40,401,2024-06-30
41,41,185,2024-04-20
42,42,712,2024-08-10
43,43,201,2024-02-25
44,44,127,2023-11-21
45,45,979,2024-04-18
46,46,319,2024-02-25
47,47,671,2024-04-30
48,48,29,2024-08-24
49,49,982,2024-02-06
50,50,218,2024-09-22
51,51,643,2024-03-01
52,52,802,2024-03-10
53,53,735,2023-12-21
54,54,91,2023-12-14
55,55,87,2024-06-26
56,56,815,2024-09-02
57,57,670,2024-09-03
58,58,603,2024-09-10
59,59,30,2024-08-27
60,60,446,2023-12-07
61,61,612,2023-12-26
62,62,10,2023-10-17
63,63,143,2024-08-06
64,64,369,2024-08-05
65,65,649,2024-05-18
66,66,127,2024-08-15
67,67,473,2024-09-10
68,68,805,2024-07-07
69,69,85,2024-09-08
70,70,134,2023-12-03
71,71,33,2024-01-04
72,72,76,2023-12-20
73,73,946,2024-10-12
74,74,137,2024-01-01
75,75,254,2024-04-21
76,76,723,2023-12-12
77,77,646,2024-08-24
78,78,773,2024-04-21
79,79,248,2024-03-07
80,80,648,2024-02-10
81,81,867,2024-06-22
82,82,166,2024-05-12
83,83,899,2024-09-26
84,84,739,2024-06-02
85,85,756,2024-08-22
86,86,581,2024-07-02
87,87,290,2023-12-07
88,88,87,2024-08-21
89,89,760,2024-07-10
90,90,143,2024-08-27
91,91,162,2024-07-11
92,92,335,2024-04-30
93,93,563,2023-12-20
94,94,713,2024-02-27
95,95,379,2024-03-04
96,96,890,2024-06-21
97,97,661,2024-01-27
98,98,701,2024-02-08
99,99,44,2023-11-20
100,100,44,2024-05-11
101,101,760,2024-02-22
102,102,383,2024-02-19
103,103,453,2023-12-05
104,104,136,2024-05-02
105,105,39,2024-06-25
106,106,602,2024-06-06
107,107,943,2023-12-15
108,108,128,2023-11-21
109,109,533,2024-01-02
110,110,365,2024-04-25
111,111,721,2024-06-17
112,112,127,2023-12-02
113,113,261,2024-02-13
114,114,998,2024-07-07
115,115,235,2024-02-13
116,116,76,2024-05-29
117,117,78,2024-04-23
118,118,545,2024-08-26
119,119,812,2024-09-09
120,120,70,2023-12-07
121,121,555,2024-06-14
122,122,529,2024-02-14
123,123,619,2024-07-08
124,124,589,2024-06-03
125,125,750,2024-04-15
126,126,350,2024-01-28
127,127,678,2024-05-30
128,128,846,2024-02-03
129,129,782,2024-06-09
130,130,323,2024-07-30
131,131,660,2024-09-16
132,132,531,2024-06-08
133,133,927,2024-10-03
134,134,610,2024-07-28
135,135,205,2024-04-05
136,136,772,2023-12-30
137,137,464,2023-12-12
138,138,285,2024-06-01
139,139,339,2023-11-30
140,140,218,2024-07-03
141,141,578,2024-03-17
142,142,218,2024-01-27
143,143,965,2024-10-02
144,144,851,2024-05-11
145,145,59,2024-02-14
146,146,592,2023-12-04
147,147,756,2023-12-31
148,148,469,2024-10-15
149,149,411,2024-02-24
150,150,694,2023-12-23
151,151,384,2024-01-03
152,152,400,2024-10-15
153,153,641,2023-12-11
154,154,618,2024-05-04
155,155,483,2024-06-23
156,156,641,2023-11-09
157,157,20,2023-12-11
158,158,653,2024-10-03
159,159,624,2024-05-15
160,160,990,2024-04-12
161,161,871,2024-08-20
162,162,850,2024-01-02
163,163,4,2024-09-18
164,164,505,2024-02-09
165,165,228,2024-01-17
166,166,697,2024-04-24
167,167,987,2024-02-24
168,168,410,2024-08-08
169,169,596,2024-06-08
170,170,396,2024-01-03
171,171,502,2024-05-16
172,172,169,2023-10-29
173,173,309,2024-09-29
174,174,691,2024-07-07
175,175,69,2023-12-20
176,176,411,2024-08-24
177,177,140,2024-08-24
178,178,80,2023-12-31
179,179,917,2024-08-22
180,180,567,2024-08-26
181,181,203,2024-02-12
182,182,715,2024-05-02
183,183,694,2024-01-12
184,184,681,2023-12-16
185,185,158,2023-11-26
186,186,49,2024-06-21
187,187,815,2024-04-05
188,188,711,2024-08-03
189,189,733,2024-04-10
190,190,116,2024-09-04
191,191,493,2023-12-20
192,192,860,2024-04-01
193,193,87,2023-12-07
194,194,386,2024-06-21
195,195,929,2024-02-06
196,196,797,2024-01-15
197,197,867,2024-05-26
198,198,904,2023-11-01
199,199,876,2024-01-02
200,200,205,2024-03-20
201,201,350,2024-09-19
202,202,463,2024-04-04
203,203,497,2024-08-09
204,204,497,2024-07-17
205,205,197,2024-03-27
206,206,994,2024-05-29
207,207,49,2023-12-03
208,208,523,2024-01-14
209,209,111,2024-08-16
210,210,679,2023-10-19
211,211,299,2024-07-20
212,212,700,2023-12-12
213,213,966,2023-11-01
214,214,19,2023-12-14
215,215,160,2024-07-31
216,216,379,2024-06-02
217,217,612,2024-05-05
218,218,670,2024-02-24
219,219,211,2024-06-20
220,220,425,2023-12-16
221,221,671,2023-12-04
222,222,270,2024-09-22
223,223,389,2024-01-19
224,224,127,2024-02-21
225,225,180,2024-07-21
226,226,869,2023-12-29
227,227,405,2024-06-21
228,228,328,2024-06-14
229,229,904,2024-01-30
230,230,119,2024-02-05
231,231,138,2024-10-15
232,232,742,2024-02-27
233,233,153,2024-02-22
234,234,937,2024-04-12
235,235,661,2023-12-02
236,236,860,2024-09-11
237,237,80,2024-09-12
238,238,330,2024-06-18
239,239,737,2024-06-09
240,240,995,2024-07-04
241,241,46,2024-03-03
242,242,30,2024-05-15
243,243,997,2024-07-19
244,244,159,2024-02-15
245,245,729,2023-12-29
246,246,432,2024-05-01
247,247,352,2024-01-20
248,248,899,2024-08-13
249,249,338,2024-01-24
250,250,921,2024-07-25
251,251,918,2023-10-30
252,252,661,2024-08-07
253,253,409,2024-08-06
254,254,978,2024-07-27
255,255,581,2024-06-29
256,256,926,2023-10-29
257,257,338,2023-10-23
258,258,277,2024-04-22
259,259,410,2024-01-09
260,260,232,2024-04-27
261,261,991,2024-06-16
262,262,688,2024-05-18
263,263,704,2024-04-29
264,264,699,2024-08-10
265,265,188,2024-08-23
266,266,578,2023-11-06
267,267,678,2024-07-10
268,268,486,2023-11-15
269,269,389,2024-08-28
270,270,5,2024-09-09
271,271,941,2024-06-01
272,272,128,2023-12-14
273,273,522,2024-04-06
274,274,411,2023-12-29
275,275,464,2024-06-02
276,276,890,2024-04-23
277,277,918,2023-11-26
278,278,654,2024-06-21
279,279,899,2024-06-11
280,280,879,2024-02-04
281,281,49,2024-03-21
282,282,547,2024-04-01
283,283,802,2023-11-08
284,284,601,2024-09-27
285,285,639,2023-11-16
286,286,487,2024-09-11
287,287,501,2024-08-13
288,288,772,2024-08-29
289,289,796,2024-06-30
290,290,432,2024-06-13
291,291,227,2024-09-14
292,292,172,2024-07-02
293,293,728,2024-02-28
294,294,322,2024-09-18
295,295,397,2024-04-15
296,296,386,2024-07-26
297,297,671,2024-01-16
298,298,5,2024-07-09
299,299,934,2023-12-13
300,300,593,2024-06-26
301,301,104,2024-03-27
302,302,192,2023-11-19
303,303,366,2024-03-01
304,304,495,2023-11-11
305,305,833,2023-12-28
306,306,117,2023-11-05
307,307,730,2023-12-21
308,308,359,2024-09-19
309,309,651,2024-04-21
310,310,210,2024-02-05
311,311,331,2023-11-04
312,312,706,2024-03-04
313,313,425,2024-04-16
314,314,712,2024-08-08
315,315,383,2024-01-22
316,316,134,2024-09-23
317,317,735,2024-07-07
318,318,333,2024-06-10
319,319,849,2024-03-28
320,320,862,2024-03-14
321,321,79,2023-11-08
322,322,691,2024-09-08
323,323,99,2024-07-04
324,324,319,2024-09-27
325,325,274,2023-12-25
326,326,730,2024-09-13
327,327,564,2024-10-15
328,328,542,2024-04-09
329,329,417,2023-11-04
330,330,531,2024-03-13
331,331,887,2024-09-12
332,332,950,2024-04-24
333,333,903,2024-08-24
334,334,498,2023-12-31
335,335,112,2024-07-13
336,336,348,2024-06-19
337,337,630,2024-06-05
338,338,550,2024-04-12
339,339,805,2024-09-03
340,340,351,2024-05-14
341,341,575,2024-05-01
342,342,672,2024-05-06
343,343,341,2023-12-22
344,344,375,2024-09-27
345,345,855,2024-05-10
346,346,433,2024-05-31
347,347,593,2024-03-12
348,348,397,2024-04-20
349,349,289,2023-12-07
350,350,508,2024-02-10
351,351,16,2024-05-23
352,352,858,2024-02-14
353,353,489,2024-07-20
354,354,858,2024-02-04
355,355,372,2024-04-23
356,356,183,2024-07-22
357,357,40,2023-12-08
358,358,380,2024-08-26
359,359,323,2024-03-07
360,360,858,2024-06-15
361,361,9,2023-12-12
362,362,738,2024-05-01
363,363,301,2023-11-13
364,364,105,2024-07-05
365,365,789,2024-03-30
366,366,909,2023-12-10
367,367,443,2024-03-05
368,368,432,2024-07-15
369,369,557,2024-10-03
370,370,423,2024-07-19
371,371,347,2023-11-12
372,372,771,2024-01-17
373,373,176,2024-02-20
374,374,574,2023-11-27
375,375,530,2023-11-11
376,376,406,2024-01-15
377,377,883,2024-08-16
378,378,673,2024-05-21
379,379,294,2024-10-05
380,380,86,2023-12-20
381,381,304,2024-05-20
382,382,267,2024-02-07
383,383,934,2024-01-27
384,384,543,2024-09-28
385,385,203,2024-07-19
386,386,756,2023-11-24
387,387,318,2024-03-29
388,388,13,2023-12-21
389,389,867,2024-02-22
390,390,789,2024-08-11
391,391,796,2024-08-09
392,392,465,2024-06-24
393,393,17,2024-10-14
394,394,595,2024-04-25
395,395,200,2024-09-27
396,396,817,2023-12-09
397,397,826,2024-01-10
398,398,772,2024-02-01
399,399,235,2024-07-21
400,400,141,2024-01-26
401,401,419,2024-03-20
402,402,15,2023-12-14
403,403,105,2023-12-23
404,404,548,2024-05-03
405,405,692,2023-11-30
406,406,530,2024-10-14
407,407,455,2024-02-12
408,408,346,2024-02-12
409,409,949,2024-09-14
410,410,655,2024-06-12
411,411,517,2023-10-22
412,412,657,2024-03-17
413,413,576,2024-01-16
414,414,39,2024-06-01
415,415,72,2023-12-03
416,416,450,2023-11-29
417,417,65,2023-11-10
418,418,442,2024-01-28
419,419,352,2023-10-28
420,420,381,2024-02-01
421,421,971,2023-12-07
422,422,288,2024-02-11
423,423,108,2024-04-15
424,424,597,2024-08-31
425,425,587,2023-12-01
426,426,137,2024-04-28
427,427,238,2024-10-01
428,428,47,2024-03-10
429,429,607,2024-05-04
430,430,261,2024-04-28
431,431,116,2023-12-23
432,432,863,2024-04-29
433,433,625,2023-10-23
434,434,25,2024-04-05
435,435,132,2023-12-21
436,436,865,2024-05-05
437,437,538,2023-12-06
438,438,481,2023-12-04
439,439,278,2024-05-25
440,440,262,2024-05-24
441,441,102,2024-06-15
442,442,658,2024-06-01
443,443,735,2024-10-03
444,444,210,2024-03-30
445,445,109,2024-10-09
446,446,265,2024-10-12
447,447,117,2024-09-01
448,448,114,2024-01-06
449,449,827,2024-10-04
450,450,366,2024-06-09
451,451,296,2024-09-24
452,452,634,2024-08-22
453,453,767,2024-09-03
454,454,311,2024-09-13
455,455,797,2024-08-03
456,456,907,2024-06-06
457,457,990,2023-10-24
458,458,688,2024-05-08
459,459,748,2024-09-01
460,460,909,2024-09-17
461,461,188,2023-10-28
462,462,413,2024-08-11
463,463,188,2023-10-20
464,464,269,2024-02-04
465,465,441,2024-08-26
466,466,780,2024-03-20
467,467,649,2023-11-09
468,468,966,2024-05-25
469,469,750,2024-06-12
470,470,821,2024-03-17
471,471,235,2023-12-15
472,472,324,2024-04-29
473,473,185,2024-07-21
474,474,151,2024-09-26
475,475,818,2023-12-11
476,476,444,2024-06-06
477,477,741,2024-09-10
478,478,216,2024-05-03
479,479,868,2024-02-22
480,480,976,2024-08-27
481,481,919,2024-02-28
482,482,75,2024-07-15
483,483,184,2024-06-16
484,484,792,2024-10-09
485,485,414,2023-10-17
486,486,602,2024-05-26
487,487,289,2024-08-21
488,488,546,2024-04-20
489,489,119,2024-05-27
490,490,988,2023-10-30
491,491,227,2024-08-28
492,492,769,2023-11-06
493,493,839,2024-09-24
494,494,527,2024-05-24
495,495,235,2024-03-29
496,496,740,2023-10-22
497,497,290,2024-05-12
498,498,403,2024-09-09
499,499,197,2024-07-08
500,500,184,2024-03-01
501,501,901,2023-10-31
502,502,599,2024-04-29
503,503,669,2024-02-13
504,504,43,2024-06-03
505,505,441,2024-07-04
506,506,423,2024-09-14
507,507,998,2024-07-01
508,508,792,2024-10-07
509,509,428,2024-07-10
510,510,545,2024-02-29
511,511,936,2024-04-23
512,512,717,2024-10-09
513,513,220,2024-08-02
514,514,641,2024-09-08
515,515,635,2024-06-01
516,516,469,2023-11-13
517,517,292,2024-05-10
518,518,824,2023-10-24
519,519,863,2024-06-29
520,520,166,2024-07-24
521,521,354,2023-12-10
522,522,276,2023-10-21
523,523,27,2024-02-23
524,524,232,2024-01-17
525,525,505,2024-09-04
526,526,780,2024-08-11
527,527,379,2023-12-25
528,528,251,2024-08-03
529,529,261,2024-03-17
530,530,678,2024-05-08
531,531,462,2024-07-13
532,532,138,2023-11-26
533,533,303,2024-07-20
534,534,973,2024-10-14
535,535,838,2023-12-15
536,536,147,2024-06-22
537,537,147,2023-11-13
538,538,703,2023-12-26
539,539,606,2023-12-14
540,540,127,2023-11-10
541,541,57,2023-12-21
542,542,746,2024-02-19
543,543,891,2024-10-08
544,544,690,2024-07-15
545,545,81,2024-03-03
546,546,368,2023-10-16
547,547,550,2024-09-18
548,548,122,2024-07-17
549,549,672,2024-07-25
550,550,137,2024-04-10
551,551,572,2023-11-13
552,552,132,2024-10-05
553,553,49,2024-01-22
554,554,222,2024-03-06
555,555,614,2024-09-23
556,556,477,2024-02-07
557,557,886,2024-01-18
558,558,80,2024-04-17
559,559,633,2024-02-11
560,560,983,2024-03-26
561,561,440,2023-11-30
562,562,161,2024-08-30
563,563,139,2023-11-22
564,564,917,2024-05-02
565,565,774,2023-12-14
566,566,173,2024-04-08
567,567,103,2024-03-21
568,568,921,2024-09-24
569,569,405,2024-07-05
570,570,948,2024-05-25
571,571,78,2024-05-24
572,572,808,2024-02-08
573,573,452,2024-09-10
574,574,485,2024-01-13
575,575,908,2024-02-07
576,576,71,2023-11-08
577,577,572,2024-07-11
578,578,850,2024-06-08
579,579,720,2023-12-04
580,580,812,2024-02-24
581,581,412,2024-08-14
582,582,168,2023-10-30
583,583,903,2024-08-03
584,584,352,2024-06-11
585,585,416,2023-11-18
586,586,103,2024-01-12
587,587,192,2024-03-29
588,588,646,2024-09-17
589,589,24,2023-12-14
590,590,525,2024-05-20
591,591,181,2023-10-23
592,592,200,2024-05-12
593,593,686,2024-03-17
594,594,97,2024-09-10
595,595,746,2024-04-24
596,596,367,2024-06-14
597,597,561,2023-11-27
598,598,923,2024-06-09
599,599,843,2024-05-21
600,600,411,2024-06-05
601,601,7,2023-11-22
602,602,777,2024-03-21
603,603,560,2024-04-15
604,604,215,2024-08-31
605,605,439,2024-07-15
606,606,816,2024-07-02
607,607,391,2024-05-02
608,608,22,2024-08-23
609,609,227,2024-09-05
610,610,419,2023-12-19
611,611,658,2024-02-28
612,612,871,2024-01-04
613,613,343,2024-04-03
614,614,437,2023-12-03
615,615,271,2024-10-03
616,616,235,2024-06-20
617,617,670,2024-05-20
618,618,961,2024-01-20
619,619,345,2023-11-17
620,620,732,2023-11-28
621,621,644,2024-07-05
622,622,923,2023-12-07
623,623,503,2023-12-14
624,624,324,2023-10-22
625,625,71,2024-01-19
626,626,364,2024-01-19
627,627,488,2024-04-14
628,628,742,2024-03-26
629,629,68,2024-05-03
630,630,389,2024-04-04
631,631,361,2024-05-12
632,632,399,2024-02-13
633,633,707,2023-10-26
634,634,238,2024-03-07
635,635,545,2024-02-22
636,636,291,2024-04-18
637,637,16,2024-09-24
638,638,74,2023-12-02
639,639,150,2024-01-06
640,640,768,2023-12-13
641,641,985,2023-10-24
642,642,9,2024-06-30
643,643,859,2024-06-19
644,644,714,2023-11-10
645,645,851,2024-08-25
646,646,357,2024-01-28
647,647,216,2023-11-06
648,648,221,2024-03-01
649,649,846,2024-01-20
650,650,53,2024-02-12
651,651,849,2024-01-22
652,652,506,2024-08-24
653,653,403,2024-08-21
654,654,737,2024-05-28
655,655,997,2024-08-30
656,656,958,2024-04-27
657,657,332,2024-01-26
658,658,97,2023-12-28
659,659,719,2024-02-22
660,660,717,2024-06-25
661,661,419,2024-03-11
662,662,927,2024-09-14
663,663,294,2024-05-08
664,664,911,2024-01-03
665,665,77,2023-12-20
666,666,615,2024-02-18
667,667,433,2024-03-25
668,668,99,2024-03-28
669,669,12,2024-05-14
670,670,817,2024-08-06
671,671,324,2023-10-29
672,672,145,2023-11-08
673,673,86,2024-09-08
674,674,478,2024-09-14
675,675,133,2024-07-14
676,676,942,2024-08-07
677,677,962,2024-02-27
678,678,534,2024-01-10
679,679,880,2023-11-11
680,680,830,2024-05-11
681,681,817,2024-03-04
682,682,305,2024-08-22
683,683,88,2024-03-01
684,684,136,2024-05-10
685,685,2,2024-04-26
686,686,305,2024-03-15
687,687,666,2024-05-06
688,688,584,2024-09-03
689,689,402,2024-03-13
690,690,315,2023-11-25
691,691,891,2024-05-19
692,692,813,2024-01-25
693,693,323,2024-05-25
694,694,560,2024-05-09
695,695,532,2024-06-13
696,696,212,2024-04-04
697,697,409,2023-12-20
698,698,644,2024-02-25
699,699,182,2024-02-25
700,700,652,2024-05-16
701,701,417,2023-12-31
702,702,417,2024-02-20
703,703,593,2023-11-25
704,704,753,2024-05-04
705,705,136,2023-12-19
706,706,661,2024-03-18
707,707,662,2024-08-27
708,708,651,2024-06-27
709,709,982,2024-02-01
710,710,187,2024-08-19
711,711,323,2023-12-14
712,712,605,2024-09-07
713,713,510,2023-12-11
714,714,308,2024-04-30
715,715,259,2024-06-08
716,716,942,2023-11-08
717,717,72,2024-05-08
718,718,468,2024-01-26
719,719,411,2023-12-30
720,720,804,2024-05-27
721,721,155,2024-06-18
722,722,803,2024-04-17
723,723,102,2024-07-23
724,724,537,2024-10-07
725,725,672,2024-07-03
726,726,720,2024-05-31
727,727,125,2024-09-16
728,728,262,2024-07-14
729,729,207,2024-02-14
730,730,543,2024-10-01
731,731,719,2024-06-12
732,732,831,2023-11-17
733,733,638,2024-01-02
734,734,680,2023-11-19
735,735,693,2024-01-07
736,736,79,2024-05-30
737,737,782,2024-08-13
738,738,561,2024-07-07
739,739,778,2024-06-04
740,740,175,2024-03-15
741,741,769,2024-01-08
742,742,894,2024-06-20
743,743,633,2023-12-26
744,744,128,2024-07-16
745,745,366,2024-03-20
746,746,367,2024-03-14
747,747,674,2024-02-25
748,748,73,2023-11-20
749,749,154,2023-10-26
750,750,671,2024-01-08
751,751,935,2024-09-03
752,752,886,2024-04-05
753,753,965,2024-06-21
754,754,174,2023-11-02
755,755,916,2024-04-26
756,756,814,2024-07-29
757,757,333,2023-12-10
758,758,37,2024-04-10
759,759,841,2024-04-15
760,760,567,2024-09-09
761,761,996,2024-04-02
762,762,464,2024-03-25
763,763,772,2024-07-24
764,764,550,2024-07-25
765,765,351,2024-09-29
766,766,767,2024-03-15
767,767,737,2023-12-11
768,768,959,2024-10-10
769,769,833,2024-08-13
770,770,525,2024-04-17
771,771,818,2024-03-13
772,772,542,2024-05-24
773,773,473,2024-07-15
774,774,641,2024-10-14
775,775,253,2024-05-21
776,776,554,2023-12-09
777,777,498,2024-07-20
778,778,499,2024-08-31
779,779,627,2024-07-04
780,780,924,2024-09-26
781,781,493,2024-04-03
782,782,996,2024-03-12
783,783,124,2023-11-04
784,784,765,2024-10-11
785,785,784,2024-08-06
786,786,699,2024-03-10
787,787,653,2024-03-22
788,788,122,2023-12-10
789,789,61,2024-06-10
790,790,205,2024-10-06
791,791,394,2024-03-01
792,792,728,2023-12-30
793,793,952,2023-12-09
794,794,744,2023-12-26
795,795,130,2023-11-02
796,796,867,2024-03-14
797,797,515,2024-07-18
798,798,352,2024-07-19
799,799,815,2024-08-24
800,800,671,2024-02-02
801,801,739,2024-08-05
802,802,701,2024-10-10
803,803,652,2023-11-04
804,804,836,2023-11-12
805,805,185,2024-01-04
806,806,157,2023-11-05
807,807,94,2024-07-02
808,808,53,2024-07-08
809,809,254,2024-07-24
810,810,790,2023-11-07
811,811,816,2024-05-30
812,812,240,2024-05-24
813,813,705,2024-09-17
814,814,137,2024-10-07
815,815,849,2024-03-03
816,816,413,2024-04-11
817,817,326,2024-08-23
818,818,193,2024-01-10
819,819,476,2023-11-03
820,820,733,2024-05-22
821,821,511,2024-07-16
822,822,629,2023-10-28
823,823,185,2023-10-18
824,824,533,2024-10-05
825,825,903,2024-04-15
826,826,533,2024-09-08
827,827,995,2024-05-05
828,828,795,2024-06-16
829,829,328,2024-09-26
830,830,237,2024-09-30
831,831,700,2023-10-18
832,832,219,2024-09-09
833,833,227,2024-07-25
834,834,30,2024-03-02
835,835,845,2024-07-05
836,836,381,2024-08-29
837,837,834,2024-08-07
838,838,306,2024-08-25
839,839,825,2024-01-30
840,840,360,2024-02-11
841,841,17,2024-03-04
842,842,676,2024-07-11
843,843,132,2024-01-23
844,844,757,2024-02-02
845,845,446,2024-10-11
846,846,260,2024-03-19
847,847,775,2024-04-06
848,848,890,2024-04-16
849,849,621,2024-01-21
850,850,669,2024-07-03
851,851,130,2024-08-28
852,852,207,2024-06-13
853,853,12,2024-06-16
854,854,626,2024-04-03
855,855,310,2024-08-18
856,856,844,2024-06-05
857,857,397,2023-11-09
858,858,681,2024-02-12
859,859,530,2024-08-24
860,860,297,2024-09-08
861,861,445,2024-05-01
862,862,858,2024-03-28
863,863,376,2024-10-03
864,864,884,2024-06-11
865,865,943,2023-12-02
866,866,693,2024-02-28
867,867,593,2023-10-28
868,868,48,2024-05-23
869,869,790,2024-02-15
870,870,657,2024-02-10
871,871,995,2024-06-28
872,872,525,2024-02-27
873,873,347,2024-07-07
874,874,492,2024-08-30
875,875,187,2023-12-17
876,876,766,2024-03-22
877,877,881,2023-12-16
878,878,811,2024-05-31
879,879,518,2024-04-30
880,880,867,2024-07-23
881,881,725,2024-06-10
882,882,362,2024-07-17
883,883,990,2024-07-02
884,884,510,2024-01-11
885,885,352,2024-06-08
886,886,511,2024-08-22
887,887,49,2023-12-22
888,888,784,2024-05-20
889,889,553,2024-05-03
890,890,15,2024-05-03
891,891,105,2024-03-28
892,892,873,2024-07-27
893,893,202,2024-07-16
894,894,888,2024-02-04
895,895,331,2024-07-25
896,896,799,2024-06-07
897,897,219,2024-08-23
898,898,955,2024-06-07
899,899,74,2024-10-07
900,900,367,2024-08-15
901,901,830,2024-03-18
902,902,438,2024-05-11
903,903,100,2023-10-27
904,904,320,2023-10-21
905,905,317,2024-06-03
906,906,394,2024-09-14
907,907,172,2024-05-10
908,908,748,2024-06-06
909,909,922,2024-05-09
910,910,516,2024-04-16
911,911,588,2024-10-06
912,912,708,2024-01-10
913,913,580,2024-07-04
914,914,571,2023-10-20
915,915,504,2024-04-27
916,916,600,2024-10-02
917,917,494,2023-11-24
918,918,429,2023-12-20
919,919,362,2024-03-27
920,920,441,2024-02-06
921,921,414,2024-07-06
922,922,448,2024-01-18
923,923,213,2024-04-28
924,924,452,2024-09-21
925,925,291,2023-12-02
926,926,996,2023-12-11
927,927,584,2024-04-14
928,928,103,2024-03-07
929,929,99,2024-01-22
930,930,965,2024-04-05
931,931,776,2023-11-04
932,932,719,2024-08-10
933,933,728,2024-02-16
934,934,230,2024-05-11
935,935,259,2023-11-21
936,936,226,2024-01-23
937,937,538,2024-06-15
938,938,517,2024-05-05
939,939,329,2024-09-18
940,940,398,2023-12-11
941,941,781,2024-10-13
942,942,171,2024-06-07
943,943,276,2024-08-28
944,944,559,2024-07-01
945,945,362,2024-05-07
946,946,838,2024-01-27
947,947,957,2024-04-12
948,948,267,2024-06-12
949,949,153,2024-01-27
950,950,401,2024-09-29
951,951,888,2023-12-14
952,952,214,2024-02-09
953,953,999,2024-04-06
954,954,567,2024-01-28
955,955,104,2023-12-05
956,956,583,2024-09-13
957,957,797,2024-05-09
958,958,62,2024-08-07
959,959,479,2023-12-29
960,960,761,2023-12-16
961,961,67,2024-04-16
962,962,813,2024-03-31
963,963,486,2023-11-09
964,964,616,2024-08-10
965,965,204,2024-03-13
966,966,288,2024-10-15
967,967,993,2024-07-05
968,968,439,2024-03-19
969,969,52,2023-10-25
970,970,809,2024-07-05
971,971,847,2024-04-24
972,972,737,2024-09-09
973,973,927,2024-09-07
974,974,742,2024-02-11
975,975,628,2023-11-19
976,976,100,2024-02-17
977,977,953,2024-03-28
978,978,380,2023-12-05
979,979,55,2024-06-06
980,980,172,2024-08-25
981,981,691,2023-11-19
982,982,405,2024-02-19
983,983,999,2024-05-23
984,984,22,2023-11-06
985,985,794,2024-02-14
986,986,941,2024-07-04
987,987,121,2024-03-28
988,988,82,2023-10-26
989,989,472,2024-04-28
990,990,541,2024-07-23
991,991,909,2023-11-16
992,992,811,2024-06-06
993,993,392,2023-10-17
994,994,677,2024-09-06
995,995,360,2024-09-16
996,996,566,2024-10-03
997,997,271,2024-07-15
998,998,382,2023-12-20
999,999,517,2024-10-07
1000,1000,787,2024-03-03
1001,1001,916,2023-12-21
1002,1002,700,2024-08-06
1003,1003,803,2024-06-10
1004,1004,558,2024-04-24
1005,1005,463,2023-12-02
1006,1006,275,2024-04-12
1007,1007,416,2023-11-01
1008,1008,294,2024-06-30
1009,1009,597,2024-07-26
1010,1010,50,2024-02-19
1011,1011,39,2024-03-20
1012,1012,679,2023-10-22
1013,1013,773,2024-09-01
1014,1014,370,2024-02-25
1015,1015,480,2023-11-30
1016,1016,948,2024-03-22
1017,1017,492,2024-07-07
1018,1018,488,2024-05-07
1019,1019,39,2024-08-14
1020,1020,932,2024-08-04
1021,1021,514,2024-08-18
1022,1022,12,2023-12-09
1023,1023,632,2024-03-29
1024,1024,837,2024-08-18
1025,1025,905,2024-07-21
1026,1026,399,2024-02-12
1027,1027,258,2023-11-04
1028,1028,982,2023-10-24
1029,1029,108,2024-04-27
1030,1030,299,2024-08-02
1031,1031,550,2023-11-28
1032,1032,462,2024-03-15
1033,1033,502,2024-09-10
1034,1034,610,2023-11-21
1035,1035,706,2024-05-17
1036,1036,435,2024-02-26
1037,1037,896,2023-11-01
1038,1038,508,2023-10-17
1039,1039,639,2024-01-17
1040,1040,554,2024-07-05
1041,1041,976,2023-11-27
1042,1042,604,2024-10-04
1043,1043,200,2024-02-05
1044,1044,424,2023-12-10
1045,1045,487,2024-07-17
1046,1046,265,2023-10-28
1047,1047,427,2024-08-12
1048,1048,188,2024-07-16
1049,1049,924,2024-08-17
1050,1050,897,2024-09-11
1051,1051,916,2023-11-18
1052,1052,177,2024-02-11
1053,1053,252,2024-06-22
1054,1054,848,2024-01-15
1055,1055,224,2023-11-02
1056,1056,942,2024-05-02
1057,1057,804,2024-06-29
1058,1058,88,2024-01-05
1059,1059,938,2023-12-08
1060,1060,903,2024-07-17
1061,1061,102,2024-01-11
1062,1062,27,2024-08-01
1063,1063,784,2024-04-27
1064,1064,435,2024-07-19
1065,1065,824,2024-05-02
1066,1066,409,2024-08-07
1067,1067,594,2024-08-22
1068,1068,471,2023-11-24
1069,1069,525,2024-09-22
1070,1070,836,2023-10-18
1071,1071,669,2023-11-14
1072,1072,445,2024-03-09
1073,1073,505,2024-05-23
1074,1074,50,2024-06-28
1075,1075,937,2024-10-13
1076,1076,809,2024-03-29
1077,1077,858,2024-09-10
1078,1078,194,2023-12-22
1079,1079,577,2024-03-08
1080,1080,124,2023-12-28
1081,1081,790,2024-02-17
1082,1082,532,2024-08-28
1083,1083,312,2024-09-16
1084,1084,514,2024-07-15
1085,1085,381,2024-04-19
1086,1086,871,2024-01-08
1087,1087,210,2024-03-28
1088,1088,79,2024-01-29
1089,1089,179,2024-02-14
1090,1090,920,2023-11-21
1091,1091,867,2023-12-17
1092,1092,108,2024-02-03
1093,1093,143,2024-05-27
1094,1094,936,2024-06-20
1095,1095,646,2023-11-23
1096,1096,416,2023-12-14
1097,1097,948,2024-10-06
1098,1098,118,2023-11-07
1099,1099,206,2024-02-20
1100,1100,778,2023-11-13
1101,1101,131,2024-05-19
1102,1102,993,2024-01-17
1103,1103,96,2024-02-21
1104,1104,284,2023-11-02
1105,1105,805,2024-10-10
1106,1106,396,2024-02-05
1107,1107,489,2024-05-24
1108,1108,199,2024-04-29
1109,1109,87,2024-05-28
1110,1110,460,2024-04-03
1111,1111,169,2024-09-08
1112,1112,950,2024-07-24
1113,1113,587,2024-05-09
1114,1114,825,2023-12-10
1115,1115,404,2024-07-23
1116,1116,316,2023-10-23
1117,1117,654,2024-10-01
1118,1118,873,2024-03-13
1119,1119,597,2024-03-26
1120,1120,0,2024-06-15
1121,1121,173,2024-07-16
1122,1122,593,2024-01-19
1123,1123,30,2024-07-09
1124,1124,67,2024-08-24
1125,1125,767,2024-09-18
1126,1126,209,2024-04-22
1127,1127,368,2023-10-18
1128,1128,918,2023-12-21
1129,1129,334,2024-07-10
1130,1130,976,2024-03-09
1131,1131,189,2024-06-21
1132,1132,802,2024-07-31
1133,1133,369,2024-04-05
1134,1134,142,2024-05-09
1135,1135,42,2024-03-29
1136,1136,118,2024-01-11
1137,1137,155,2024-05-03
1138,1138,76,2023-11-12
1139,1139,788,2024-10-05
1140,1140,599,2024-08-07
1141,1141,555,2024-03-22
1142,1142,76,2024-01-23
1143,1143,485,2023-12-30
1144,1144,255,2024-05-29
1145,1145,762,2024-04-14
1146,1146,118,2024-07-24
1147,1147,395,2023-10-31
1148,1148,503,2024-06-06
1149,1149,455,2024-07-05
1150,1150,60,2024-01-01
1151,1151,234,2024-08-07
1152,1152,952,2024-05-30
1153,1153,229,2023-10-27
1154,1154,321,2023-11-17
1155,1155,990,2024-03-28
1156,1156,70,2024-03-26
1157,1157,604,2024-01-09
1158,1158,124,2024-09-24
1159,1159,225,2024-10-14
1160,1160,736,2024-04-11
1161,1161,352,2023-11-07
1162,1162,253,2024-06-29
1163,1163,515,2024-07-13
1164,1164,393,2024-01-21
1165,1165,55,2024-06-18
1166,1166,451,2024-02-04
1167,1167,857,2024-03-14
1168,1168,637,2023-11-07
1169,1169,268,2024-04-27
1170,1170,140,2024-01-31
1171,1171,1000,2024-04-04
1172,1172,147,2024-05-17
1173,1173,574,2024-07-27
1174,1174,478,2024-02-09
1175,1175,637,2024-04-20
1176,1176,272,2024-03-03
1177,1177,414,2024-08-19
1178,1178,512,2024-09-18
1179,1179,891,2024-03-18
1180,1180,95,2023-11-13
1181,1181,981,2024-01-22
1182,1182,906,2023-12-11
1183,1183,746,2024-05-15
1184,1184,845,2024-03-27
1185,1185,352,2024-06-17
1186,1186,311,2024-02-17
1187,1187,738,2024-06-13
1188,1188,5,2024-03-23
1189,1189,280,2024-03-23
1190,1190,86,2023-11-21
1191,1191,814,2024-09-29
1192,1192,531,2023-12-31
1193,1193,877,2024-05-31
1194,1194,32,2024-05-19
1195,1195,278,2024-02-13
1196,1196,31,2024-01-15
1197,1197,314,2023-11-08
1198,1198,14,2024-08-25
1199,1199,659,2024-04-01
1200,1200,649,2023-12-01
1201,1201,749,2023-11-12
1202,1202,174,2024-07-08
1203,1203,828,2023-10-18
1204,1204,251,2024-06-19
1205,1205,858,2024-07-20
1206,1206,645,2024-06-30
1207,1207,328,2024-07-10
1208,1208,270,2024-10-01
1209,1209,820,2024-02-25
1210,1210,121,2023-10-29
1211,1211,738,2024-05-10
1212,1212,357,2024-07-31
1213,1213,294,2024-08-27
1214,1214,113,2024-02-15
1215,1215,115,2024-04-09
1216,1216,972,2023-12-24
1217,1217,725,2023-11-26
1218,1218,650,2023-12-06
1219,1219,654,2023-10-31
1220,1220,332,2023-12-22
1221,1221,848,2023-10-24
1222,1222,38,2024-10-15
1223,1223,840,2023-11-05
1224,1224,338,2023-12-05
1225,1225,645,2023-12-09
1226,1226,352,2024-06-23
1227,1227,989,2024-04-22
1228,1228,622,2024-10-09
1229,1229,515,2024-06-07
1230,1230,351,2023-12-24
1231,1231,907,2024-01-15
1232,1232,838,2023-12-09
1233,1233,32,2024-07-08
1234,1234,292,2024-01-06
1235,1235,666,2023-12-26
1236,1236,942,2024-10-03
1237,1237,213,2024-05-26
1238,1238,653,2024-07-23
1239,1239,41,2024-05-17
1240,1240,946,2024-03-03
1241,1241,1000,2023-10-26
1242,1242,26,2024-07-26
1243,1243,261,2024-07-16
1244,1244,166,2023-12-23
1245,1245,194,2024-05-13
1246,1246,552,2024-08-07
1247,1247,716,2024-01-18
1248,1248,49,2024-02-05
1249,1249,192,2023-11-28
1250,1250,169,2024-09-04
1251,1251,780,2024-04-22
1252,1252,749,2023-11-03
1253,1253,497,2024-06-20
1254,1254,254,2023-12-09
1255,1255,26,2024-01-02
1256,1256,230,2023-10-30
1257,1257,691,2024-07-02
1258,1258,805,2023-12-25
1259,1259,556,2024-03-22
1260,1260,705,2023-12-17
1261,1261,261,2024-07-28
1262,1262,580,2024-08-28
1263,1263,398,2024-07-14
1264,1264,572,2024-05-25
1265,1265,110,2024-03-25
1266,1266,578,2024-09-16
1267,1267,549,2024-08-24
1268,1268,870,2023-12-16
1269,1269,808,2024-07-31
1270,1270,263,2024-07-27
1271,1271,255,2024-03-27
1272,1272,935,2024-10-13
1273,1273,37,2024-02-11
1274,1274,318,2024-07-18
1275,1275,905,2024-03-05
1276,1276,300,2024-02-13
1277,1277,597,2024-06-19
1278,1278,465,2024-06-29
1279,1279,771,2023-11-24
1280,1280,746,2024-02-15
1281,1281,627,2024-06-20
1282,1282,640,2024-03-16
1283,1283,350,2024-09-25
1284,1284,733,2024-07-30
1285,1285,285,2023-10-17
1286,1286,607,2024-05-21
1287,1287,190,2023-10-21
1288,1288,948,2023-12-16
1289,1289,108,2024-10-03
1290,1290,539,2024-09-15
1291,1291,304,2024-07-04
1292,1292,383,2024-05-23
1293,1293,19,2024-08-12
1294,1294,916,2024-09-30
1295,1295,332,2024-01-12
1296,1296,239,2024-02-21
1297,1297,391,2024-09-02
1298,1298,156,2024-02-15
1299,1299,450,2024-08-15
1300,1300,939,2024-10-15
1301,1301,80,2023-11-28
1302,1302,517,2024-01-09
1303,1303,127,2024-03-31
1304,1304,510,2023-11-24
1305,1305,455,2023-10-28
1306,1306,208,2024-02-28
1307,1307,84,2024-08-23
1308,1308,679,2024-08-23
1309,1309,736,2024-04-12
1310,1310,560,2024-01-10
1311,1311,762,2023-10-28
1312,1312,77,2024-05-27
1313,1313,908,2024-01-21
1314,1314,930,2023-11-02
1315,1315,548,2024-03-15
1316,1316,787,2024-09-22
1317,1317,72,2023-10-28
1318,1318,585,2024-03-13
1319,1319,465,2024-03-11
1320,1320,344,2024-02-09
1321,1321,236,2024-07-28
1322,1322,77,2023-12-21
1323,1323,549,2024-07-04
1324,1324,827,2023-12-09
1325,1325,572,2024-06-26
1326,1326,822,2023-12-16
1327,1327,642,2024-05-20
1328,1328,869,2024-08-16
1329,1329,184,2024-03-31
1330,1330,508,2024-04-29
1331,1331,978,2023-12-29
1332,1332,649,2024-08-05
1333,1333,887,2024-03-25
1334,1334,373,2024-07-02
1335,1335,847,2024-05-22
1336,1336,12,2024-06-04
1337,1337,646,2024-06-27
1338,1338,388,2023-12-31
1339,1339,114,2023-10-20
1340,1340,423,2024-06-09
1341,1341,939,2023-11-15
1342,1342,471,2024-07-29
1343,1343,899,2024-06-20
1344,1344,755,2024-03-01
1345,1345,21,2024-03-17
1346,1346,568,2023-11-07
1347,1347,946,2024-04-21
1348,1348,835,2024-01-29
1349,1349,102,2024-05-20
1350,1350,684,2023-10-29
1351,1351,406,2024-05-31
1352,1352,294,2024-09-25
1353,1353,730,2024-08-29
1354,1354,245,2024-08-06
1355,1355,362,2023-12-02
1356,1356,700,2024-06-11
1357,1357,810,2023-11-10
1358,1358,791,2024-06-06
1359,1359,950,2024-10-10
1360,1360,234,2024-02-19
1361,1361,423,2024-06-06
1362,1362,561,2023-12-24
1363,1363,441,2024-08-01
1364,1364,646,2024-06-17
1365,1365,464,2023-12-20
1366,1366,266,2023-11-16
1367,1367,641,2023-12-11
1368,1368,572,2024-08-19
1369,1369,352,2024-01-16
1370,1370,484,2023-12-29
1371,1371,380,2024-01-15
1372,1372,986,2024-03-06
1373,1373,371,2024-03-06
1374,1374,142,2023-12-27
1375,1375,257,2024-02-11
1376,1376,27,2023-11-20
1377,1377,420,2024-01-18
1378,1378,413,2024-04-29
1379,1379,412,2024-03-16
1380,1380,61,2024-03-14
1381,1381,935,2024-02-18
1382,1382,567,2024-05-13
1383,1383,630,2023-12-08
1384,1384,36,2024-08-06
1385,1385,419,2024-01-02
1386,1386,454,2024-01-13
1387,1387,270,2024-09-03
1388,1388,775,2024-06-18
1389,1389,212,2024-07-28
1390,1390,516,2023-12-05
1391,1391,193,2024-02-25
1392,1392,778,2023-10-17
1393,1393,936,2024-03-14
1394,1394,791,2024-02-03
1395,1395,962,2024-07-11
1396,1396,230,2024-09-24
1397,1397,251,2024-05-05
1398,1398,233,2024-06-30
1399,1399,55,2024-04-11
1400,1400,40,2024-05-03
1401,1401,620,2023-12-28
1402,1402,901,2024-04-28
1403,1403,355,2023-11-08
1404,1404,582,2024-09-04
1405,1405,494,2024-06-15
1406,1406,130,2024-09-21
1407,1407,423,2024-04-30
1408,1408,691,2024-04-04
1409,1409,956,2024-01-26
1410,1410,311,2024-10-04
1411,1411,545,2023-11-03
1412,1412,720,2024-04-22
1413,1413,165,2024-08-31
1414,1414,242,2024-04-18
1415,1415,396,2024-02-05
1416,1416,18,2024-01-12
1417,1417,429,2024-05-08
1418,1418,774,2023-12-27
1419,1419,339,2024-04-17
1420,1420,51,2024-04-17
1421,1421,930,2024-05-28
1422,1422,536,2024-08-12
1423,1423,507,2024-08-07
1424,1424,633,2024-03-15
1425,1425,785,2024-04-06
1426,1426,309,2024-06-10
1427,1427,217,2024-08-22
1428,1428,557,2023-11-21
1429,1429,475,2023-10-20
1430,1430,55,2023-12-11
1431,1431,833,2024-08-27
1432,1432,490,2023-12-24
1433,1433,661,2024-08-09
1434,1434,179,2024-09-18
1435,1435,348,2024-01-13
1436,1436,733,2024-08-17
1437,1437,54,2024-06-20
1438,1438,812,2023-11-17
1439,1439,374,2024-01-31
1440,1440,929,2024-08-10
1441,1441,723,2024-04-03
1442,1442,435,2024-05-13
1443,1443,270,2024-07-14
1444,1444,836,2024-03-04
1445,1445,62,2023-12-15
1446,1446,751,2024-04-12
1447,1447,744,2024-08-19
1448,1448,64,2023-12-11
1449,1449,761,2023-11-02
1450,1450,748,2024-03-06
1451,1451,616,2024-10-13
1452,1452,994,2024-02-08
1453,1453,292,2024-01-12
1454,1454,746,2024-07-05
1455,1455,913,2024-04-12
1456,1456,300,2024-05-16
1457,1457,772,2024-07-20
1458,1458,704,2024-03-26
1459,1459,365,2023-12-15
1460,1460,870,2024-09-20
1461,1461,101,2024-05-25
1462,1462,831,2024-09-24
1463,1463,241,2024-05-09
1464,1464,303,2023-12-09
1465,1465,117,2023-12-12
1466,1466,437,2023-12-15
1467,1467,588,2023-12-31
1468,1468,274,2024-06-28
1469,1469,767,2023-10-27
1470,1470,647,2024-08-27
1471,1471,516,2024-03-02
1472,1472,456,2024-05-14
1473,1473,734,2024-03-10
1474,1474,504,2024-05-13
1475,1475,475,2024-06-28
1476,1476,51,2024-10-08
1477,1477,926,2024-07-07
1478,1478,842,2023-11-03
1479,1479,489,2024-06-07
1480,1480,51,2024-04-05
1481,1481,472,2023-11-14
1482,1482,655,2024-05-28
1483,1483,965,2024-04-15
1484,1484,577,2023-11-20
1485,1485,819,2024-03-07
1486,1486,492,2024-02-09
1487,1487,490,2024-10-15
1488,1488,979,2023-11-24
1489,1489,157,2024-06-23
1490,1490,785,2024-04-20
1491,1491,815,2024-09-06
1492,1492,380,2024-08-23
1493,1493,230,2024-01-07
1494,1494,586,2024-07-15
1495,1495,942,2023-11-22
1496,1496,303,2024-09-17
1497,1497,818,2024-02-19
1498,1498,705,2024-06-29
1499,1499,924,2023-11-12
1500,1500,659,2023-11-20
1501,1501,416,2024-09-07
1502,1502,73,2024-09-29
1503,1503,652,2023-11-23
1504,1504,542,2024-03-14
1505,1505,458,2024-09-09
1506,1506,255,2024-01-20
1507,1507,933,2024-04-09
1508,1508,242,2023-10-29
1509,1509,883,2024-01-13
1510,1510,634,2024-02-05
1511,1511,238,2024-01-13
1512,1512,792,2024-05-30
1513,1513,363,2024-07-15
1514,1514,948,2024-01-13
1515,1515,653,2023-10-17
1516,1516,618,2024-03-17
1517,1517,713,2023-10-27
1518,1518,382,2024-09-03
1519,1519,955,2023-12-23
1520,1520,312,2023-11-08
1521,1521,875,2024-06-29
1522,1522,869,2024-08-31
1523,1523,519,2024-04-20
1524,1524,155,2024-07-09
1525,1525,579,2023-10-30
1526,1526,484,2024-01-14
1527,1527,78,2023-12-27
1528,1528,564,2024-09-27
1529,1529,657,2024-08-22
1530,1530,563,2024-06-21
1531,1531,462,2024-04-24
1532,1532,877,2024-08-21
1533,1533,727,2024-02-13
1534,1534,156,2024-04-13
1535,1535,519,2024-06-28
1536,1536,346,2024-03-31
1537,1537,470,2024-05-13
1538,1538,353,2023-12-05
1539,1539,81,2023-11-28
1540,1540,407,2024-08-31
1541,1541,355,2023-12-23
1542,1542,325,2024-03-01
1543,1543,282,2024-02-20
1544,1544,765,2024-05-25
1545,1545,114,2024-06-10
1546,1546,907,2024-07-13
1547,1547,247,2024-10-10
1548,1548,342,2024-02-14
1549,1549,567,2024-06-08
1550,1550,132,2023-12-06
1551,1551,676,2024-02-12
1552,1552,863,2024-01-18
1553,1553,332,2024-10-09
1554,1554,665,2024-05-17
1555,1555,755,2024-03-11
1556,1556,772,2024-09-02
1557,1557,218,2024-02-23
1558,1558,834,2024-09-12
1559,1559,206,2024-08-30
1560,1560,503,2024-01-06
1561,1561,334,2024-01-13
1562,1562,721,2024-03-14
1563,1563,53,2024-03-07
1564,1564,257,2024-03-12
1565,1565,944,2024-01-05
1566,1566,772,2024-02-27
1567,1567,471,2024-07-16
1568,1568,91,2024-03-04
1569,1569,763,2024-08-21
1570,1570,452,2024-05-09
1571,1571,212,2023-11-12
1572,1572,939,2024-07-16
1573,1573,148,2024-08-15
1574,1574,365,2024-04-19
1575,1575,644,2023-12-30
1576,1576,165,2024-01-20
1577,1577,368,2024-09-08
1578,1578,859,2023-11-29
1579,1579,399,2024-07-19
1580,1580,863,2023-12-15
1581,1581,41,2023-11-27
1582,1582,274,2023-11-09
1583,1583,43,2024-09-09
1584,1584,96,2024-03-08
1585,1585,959,2023-12-13
1586,1586,776,2023-12-13
1587,1587,693,2024-02-04
1588,1588,254,2023-12-01
1589,1589,755,2024-10-03
1590,1590,774,2024-05-03
1591,1591,963,2024-03-27
1592,1592,621,2024-08-13
1593,1593,685,2023-12-18
1594,1594,439,2024-10-14
1595,1595,344,2024-07-16
1596,1596,371,2023-10-18
1597,1597,992,2024-07-07
1598,1598,119,2023-11-25
1599,1599,913,2024-04-21
1600,1600,693,2023-11-07
1601,1601,277,2024-09-23
1602,1602,479,2024-05-27
1603,1603,445,2023-10-29
1604,1604,723,2023-11-29
1605,1605,635,2024-09-15
1606,1606,806,2024-02-29
1607,1607,518,2023-10-17
1608,1608,939,2024-01-02
1609,1609,771,2024-05-09
1610,1610,269,2024-05-03
1611,1611,557,2024-06-03
1612,1612,804,2024-10-12
1613,1613,185,2024-03-10
1614,1614,890,2024-01-01
1615,1615,350,2024-02-13
1616,1616,743,2024-01-21
1617,1617,681,2024-10-08
1618,1618,681,2024-02-21
1619,1619,929,2024-02-22
1620,1620,68,2024-09-25
1621,1621,20,2024-04-23
1622,1622,2,2024-08-08
1623,1623,777,2024-05-28
1624,1624,241,2024-01-23
1625,1625,441,2024-07-10
1626,1626,628,2024-03-03
1627,1627,547,2023-12-30
1628,1628,535,2024-04-28
1629,1629,485,2024-03-03
1630,1630,948,2023-12-30
1631,1631,638,2024-04-30
1632,1632,744,2024-05-30
1633,1633,996,2023-11-05
1634,1634,355,2024-01-11
1635,1635,886,2024-07-16
1636,1636,785,2024-08-21
1637,1637,248,2024-06-12
1638,1638,991,2024-08-11
1639,1639,66,2024-04-29
1640,1640,778,2024-02-04
1641,1641,411,2024-01-13
1642,1642,394,2024-06-28
1643,1643,118,2024-06-04
1644,1644,959,2024-06-07
1645,1645,252,2023-11-10
1646,1646,105,2024-05-17
1647,1647,763,2024-01-19
1648,1648,250,2024-03-23
1649,1649,800,2024-02-24
1650,1650,965,2024-05-16
1651,1651,612,2024-09-30
1652,1652,868,2024-01-05
1653,1653,606,2024-10-12
1654,1654,785,2024-09-16
1655,1655,605,2024-09-14
1656,1656,710,2024-02-23
1657,1657,749,2024-09-19
1658,1658,114,2024-02-21
1659,1659,974,2023-12-14
1660,1660,651,2024-06-17
1661,1661,87,2024-04-27
1662,1662,172,2023-12-03
1663,1663,486,2024-07-13
1664,1664,778,2024-09-14
1665,1665,142,2024-03-06
1666,1666,711,2024-01-12
1667,1667,742,2024-08-09
1668,1668,471,2024-07-31
1669,1669,767,2024-09-14
1670,1670,588,2024-01-07
1671,1671,144,2024-08-28
1672,1672,642,2024-02-13
1673,1673,139,2024-10-06
1674,1674,400,2023-11-09
1675,1675,569,2024-05-28
1676,1676,106,2024-03-04
1677,1677,165,2024-04-22
1678,1678,147,2024-04-12
1679,1679,903,2024-04-11
1680,1680,278,2024-04-03
1681,1681,13,2024-08-01
1682,1682,317,2023-10-23
1683,1683,392,2023-11-13
1684,1684,225,2024-08-13
1685,1685,401,2024-10-11
1686,1686,441,2024-02-22
1687,1687,258,2024-10-09
1688,1688,463,2024-04-22
1689,1689,18,2024-08-01
1690,1690,642,2024-03-18
1691,1691,600,2024-06-14
1692,1692,198,2024-01-04
1693,1693,979,2024-08-09
1694,1694,276,2024-10-02
1695,1695,386,2023-12-01
1696,1696,427,2024-07-23
1697,1697,37,2024-02-29
1698,1698,133,2024-03-18
1699,1699,420,2023-11-29
1700,1700,328,2024-01-28
1701,1701,631,2023-10-24
1702,1702,205,2024-04-21
1703,1703,392,2024-02-14
1704,1704,368,2024-10-15
1705,1705,885,2024-07-22
1706,1706,604,2024-04-25
1707,1707,772,2023-11-17
1708,1708,266,2024-04-06
1709,1709,683,2023-12-24
1710,1710,966,2023-12-01
1711,1711,514,2024-06-28
1712,1712,948,2023-10-26
1713,1713,586,2023-11-14
1714,1714,253,2024-01-15
1715,1715,251,2024-10-11
1716,1716,813,2024-06-13
1717,1717,925,2024-09-14
1718,1718,157,2023-11-04
1719,1719,583,2024-01-21
1720,1720,443,2024-02-09
1721,1721,489,2024-06-24
1722,1722,437,2024-07-19
1723,1723,110,2024-04-22
1724,1724,126,2024-05-18
1725,1725,932,2024-05-31
1726,1726,825,2024-09-01
1727,1727,704,2024-01-24
1728,1728,266,2024-04-24
1729,1729,546,2024-09-26
1730,1730,203,2024-08-29
1731,1731,148,2023-11-20
1732,1732,33,2023-12-07
1733,1733,41,2024-02-12
1734,1734,30,2024-06-23
1735,1735,759,2024-08-03
1736,1736,403,2023-12-07
1737,1737,34,2024-07-30
1738,1738,912,2024-01-27
1739,1739,661,2024-04-21
1740,1740,951,2024-06-22
1741,1741,353,2024-03-20
1742,1742,669,2024-07-30
1743,1743,466,2024-09-05
1744,1744,41,2024-09-30
1745,1745,668,2024-05-29
1746,1746,690,2024-05-28
1747,1747,427,2024-01-23
1748,1748,425,2024-03-16
1749,1749,481,2024-03-22
1750,1750,912,2023-10-23
1751,1751,197,2024-07-29
1752,1752,754,2024-03-27
1753,1753,480,2023-11-21
1754,1754,789,2024-01-13
1755,1755,274,2024-05-19
1756,1756,711,2023-11-22
1757,1757,768,2024-03-20
1758,1758,238,2023-11-28
1759,1759,762,2024-01-06
1760,1760,394,2024-02-13
1761,1761,675,2024-05-25
1762,1762,846,2023-12-02
1763,1763,663,2024-02-09
1764,1764,940,2024-09-14
1765,1765,581,2024-06-26
1766,1766,47,2024-04-30
1767,1767,411,2024-07-02
1768,1768,782,2024-07-29
1769,1769,276,2024-05-01
1770,1770,404,2024-07-09
1771,1771,740,2023-11-25
1772,1772,306,2023-11-12
1773,1773,238,2024-05-13
1774,1774,686,2024-04-25
1775,1775,242,2023-12-04
1776,1776,98,2024-03-08
1777,1777,516,2024-07-07
1778,1778,285,2024-02-02
1779,1779,642,2024-02-08
1780,1780,352,2024-04-26
1781,1781,182,2024-06-17
1782,1782,96,2024-07-14
1783,1783,854,2024-06-28
1784,1784,688,2024-05-30
1785,1785,805,2024-03-27
1786,1786,891,2024-10-02
1787,1787,149,2024-03-04
1788,1788,649,2024-08-29
1789,1789,399,2024-05-11
1790,1790,394,2024-10-01
1791,1791,795,2024-09-26
1792,1792,515,2024-01-30
1793,1793,458,2023-11-06
1794,1794,920,2024-01-04
1795,1795,677,2024-09-16
1796,1796,698,2024-06-20
1797,1797,131,2024-01-21
1798,1798,675,2023-12-07
1799,1799,912,2024-02-05
1800,1800,31,2024-09-08
1801,1801,265,2023-12-26
1802,1802,946,2024-10-02
1803,1803,103,2024-03-31
1804,1804,32,2024-05-16
1805,1805,398,2024-08-12
1806,1806,326,2024-03-20
1807,1807,240,2024-05-10
1808,1808,93,2024-10-15
1809,1809,48,2023-12-27
1810,1810,558,2023-10-23
1811,1811,587,2024-06-19
1812,1812,460,2023-10-16
1813,1813,847,2024-06-05
1814,1814,419,2023-10-23
1815,1815,884,2024-06-06
1816,1816,49,2024-09-16
1817,1817,991,2023-11-06
1818,1818,636,2024-09-20
1819,1819,446,2023-12-04
1820,1820,167,2024-09-11
1821,1821,718,2024-10-08
1822,1822,81,2024-01-06
1823,1823,298,2024-05-29
1824,1824,670,2023-12-14
1825,1825,931,2023-12-01
1826,1826,758,2024-01-15
1827,1827,210,2024-07-12
1828,1828,141,2024-06-03
1829,1829,30,2024-06-24
1830,1830,849,2024-05-28
1831,1831,35,2023-11-23
1832,1832,398,2024-03-04
1833,1833,896,2023-11-08
1834,1834,258,2024-07-04
1835,1835,623,2024-07-20
1836,1836,612,2024-05-08
1837,1837,718,2023-12-06
1838,1838,507,2024-02-28
1839,1839,172,2024-03-29
1840,1840,105,2023-11-16
1841,1841,847,2024-03-07
1842,1842,173,2024-06-12
1843,1843,682,2023-11-16
1844,1844,4,2023-10-30
1845,1845,222,2023-11-28
1846,1846,342,2024-10-04
1847,1847,872,2023-10-26
1848,1848,690,2024-05-31
1849,1849,41,2024-06-25
1850,1850,409,2023-11-24
1851,1851,164,2024-06-22
1852,1852,697,2024-10-02
1853,1853,374,2024-02-08
1854,1854,753,2024-09-18
1855,1855,207,2023-12-09
1856,1856,423,2024-08-16
1857,1857,12,2023-12-30
1858,1858,633,2023-11-30
1859,1859,58,2024-03-25
1860,1860,27,2024-04-30
1861,1861,673,2024-04-10
1862,1862,452,2024-01-21
1863,1863,758,2024-10-12
1864,1864,85,2023-10-17
1865,1865,530,2024-05-22
1866,1866,173,2024-05-10
1867,1867,358,2023-11-21
1868,1868,27,2024-07-21
1869,1869,78,2024-08-08
1870,1870,730,2024-05-20
1871,1871,616,2024-04-03
1872,1872,798,2023-11-07
1873,1873,26,2024-07-30
1874,1874,567,2023-12-15
1875,1875,744,2024-06-27
1876,1876,204,2023-11-09
1877,1877,156,2024-02-05
1878,1878,375,2023-12-15
1879,1879,610,2023-11-23
1880,1880,180,2024-04-25
1881,1881,970,2024-02-24
1882,1882,543,2024-05-26
1883,1883,358,2024-04-16
1884,1884,589,2024-02-19
1885,1885,150,2024-10-13
1886,1886,821,2024-08-25
1887,1887,724,2024-01-25
1888,1888,256,2024-10-03
1889,1889,901,2023-12-07
1890,1890,824,2024-08-24
1891,1891,657,2024-08-22
1892,1892,604,2023-12-27
1893,1893,694,2024-01-13
1894,1894,855,2023-12-08
1895,1895,671,2024-07-20
1896,1896,737,2023-11-16
1897,1897,588,2024-02-05
1898,1898,396,2024-05-28
1899,1899,902,2024-10-11
1900,1900,8,2024-07-18
1901,1901,518,2024-03-08
1902,1902,844,2024-08-07
1903,1903,46,2023-12-13
1904,1904,832,2024-08-10
1905,1905,301,2024-04-12
1906,1906,433,2024-09-24
1907,1907,580,2024-08-22
1908,1908,447,2024-04-04
1909,1909,430,2024-09-08
1910,1910,429,2024-07-28
1911,1911,936,2024-06-13
1912,1912,732,2024-01-30
1913,1913,865,2024-04-11
1914,1914,828,2024-06-17
1915,1915,619,2024-02-25
1916,1916,936,2024-08-06
1917,1917,737,2024-02-14
1918,1918,608,2024-09-23
1919,1919,649,2024-03-08
1920,1920,820,2024-01-22
1921,1921,996,2024-06-04
1922,1922,933,2024-08-29
1923,1923,464,2024-02-15
1924,1924,886,2024-07-03
1925,1925,634,2024-03-21
1926,1926,210,2024-06-07
1927,1927,646,2023-11-11
1928,1928,457,2024-02-14
1929,1929,705,2024-01-07
1930,1930,932,2023-12-04
1931,1931,133,2024-02-21
1932,1932,672,2023-12-23
1933,1933,990,2023-11-08
1934,1934,870,2024-02-22
1935,1935,203,2024-06-08
1936,1936,199,2023-12-08
1937,1937,470,2024-02-09
1938,1938,881,2024-04-05
1939,1939,999,2024-03-12
1940,1940,790,2023-11-18
1941,1941,937,2023-12-22
1942,1942,793,2024-06-20
1943,1943,310,2024-01-27
1944,1944,958,2024-02-27
1945,1945,484,2023-12-20
1946,1946,906,2024-09-11
1947,1947,796,2024-09-21
1948,1948,375,2024-10-11
1949,1949,855,2023-12-26
1950,1950,341,2024-10-11
1951,1951,313,2024-05-05
1952,1952,715,2024-07-17
1953,1953,207,2024-09-12
1954,1954,563,2023-12-11
1955,1955,13,2024-04-23
1956,1956,331,2024-03-23
1957,1957,356,2024-02-13
1958,1958,992,2023-12-16
1959,1959,882,2024-06-25
1960,1960,564,2023-10-26
1961,1961,222,2024-02-18
1962,1962,187,2024-01-19
1963,1963,14,2024-09-17
1964,1964,879,2024-02-07
1965,1965,562,2024-02-06
1966,1966,123,2024-07-14
1967,1967,780,2024-10-08
1968,1968,614,2023-11-04
1969,1969,174,2024-01-03
1970,1970,274,2024-08-13
1971,1971,984,2024-01-26
1972,1972,895,2024-01-20
1973,1973,432,2024-02-28
1974,1974,860,2024-01-24
1975,1975,562,2024-03-31
1976,1976,253,2024-06-09
1977,1977,906,2024-07-16
1978,1978,564,2024-04-06
1979,1979,790,2024-04-04
1980,1980,327,2024-02-03
1981,1981,201,2024-01-25
1982,1982,346,2024-07-23
1983,1983,109,2023-10-25
1984,1984,362,2023-12-06
1985,1985,917,2023-12-16
1986,1986,868,2023-11-17
1987,1987,732,2024-03-03
1988,1988,752,2024-04-22
1989,1989,51,2024-04-18
1990,1990,180,2023-11-06
1991,1991,504,2023-12-07
1992,1992,890,2024-01-02
1993,1993,437,2023-10-29
1994,1994,883,2024-07-22
1995,1995,959,2024-02-12
1996,1996,4,2024-09-20
1997,1997,773,2024-02-18
1998,1998,503,2024-04-21
1999,1999,724,2023-11-22
2000,2000,945,2024-10-04
